{
  "controller/App.controller.js.map": 1765811286955,
  "controller/Worklist.controller.js": 1765723316634,
  "model/formatter.js": 1765713733961,
  "model/Options.json": 1765801720877,
  "model/models.js": 1765802754330,
  "controller/Upload.controller.js": 1765804857693,
  "controller/InvoiceData.controller.js": 1765711874084,
  "controller/Detail.controller.js": 1765728967784,
  "controller/App.controller.js": 1765631747767,
  "manifest.json": 1765800482659,
  "Component.js": 1765802826278,
  "Component-dbg.js": 1765802826278,
  "Component.js.map": 1765811286952,
  "model/formatter-dbg.js": 1765713733961,
  "model/formatter.js.map": 1765811286952,
  "model/models-dbg.js": 1765802754330,
  "model/models.js.map": 1765811286953,
  "controller/Upload-dbg.controller.js": 1765804857693,
  "controller/Upload.controller.js.map": 1765811286976,
  "controller/InvoiceData-dbg.controller.js": 1765711874084,
  "controller/InvoiceData.controller.js.map": 1765811286958,
  "controller/Detail-dbg.controller.js": 1765728967784,
  "controller/Detail.controller.js.map": 1765811286966,
  "controller/App-dbg.controller.js": 1765631747767,
  "i18n/i18n.properties": 1765713966175,
  "controller/Worklist-dbg.controller.js": 1765723316634,
  "controller/Worklist.controller.js.map": 1765811286971,
  "Component-preload.js": 1765811287086,
  "Component-preload.js.map": 1765811287086,
  "view/Worklist.view.xml": 1765716976702,
  "view/Upload.view.xml": 1765807894737,
  "view/InvoiceData.view.xml": 1765716935274,
  "view/Detail.view.xml": 1765728827619,
  "view/App.view.xml": 1765631747767,
  "fragment/ObjectPage.fragment.xml": 1765631747767,
  "fragment/InvoiceItems.fragment.xml": 1765631747767,
  "fragment/InvoiceHeader.fragment.xml": 1765631747767,
  "css/style.css": 1765631747767,
  "index.html": 1765631747767
}