{
  "Component.js.map": 1765815022940,
  "controller/Detail.controller.js": 1765728967784,
  "model/formatter.js": 1765713733961,
  "model/Options.json": 1765801720877,
  "controller/Worklist.controller.js": 1765812576667,
  "controller/Upload.controller.js": 1765804857693,
  "controller/InvoiceData.controller.js": 1765711874084,
  "model/models.js": 1765802754330,
  "controller/App.controller.js": 1765631747767,
  "manifest.json": 1765814929442,
  "Component.js": 1765802826278,
  "controller/Detail-dbg.controller.js": 1765728967784,
  "controller/Detail.controller.js.map": 1765815022938,
  "model/formatter-dbg.js": 1765713733961,
  "model/formatter.js.map": 1765815022926,
  "controller/Worklist-dbg.controller.js": 1765812576667,
  "controller/Worklist.controller.js.map": 1765815022937,
  "controller/Upload-dbg.controller.js": 1765804857693,
  "controller/Upload.controller.js.map": 1765815022945,
  "controller/InvoiceData-dbg.controller.js": 1765711874084,
  "controller/InvoiceData.controller.js.map": 1765815022931,
  "model/models-dbg.js": 1765802754330,
  "model/models.js.map": 1765815022937,
  "controller/App-dbg.controller.js": 1765631747767,
  "controller/App.controller.js.map": 1765815022937,
  "Component-dbg.js": 1765802826278,
  "i18n/i18n.properties": 1765814929446,
  "Component-preload.js": 1765815023065,
  "Component-preload.js.map": 1765815023065,
  "view/Worklist.view.xml": 1765716976702,
  "view/Upload.view.xml": 1765807894737,
  "view/InvoiceData.view.xml": 1765716935274,
  "view/Detail.view.xml": 1765728827619,
  "view/App.view.xml": 1765631747767,
  "fragment/ObjectPage.fragment.xml": 1765631747767,
  "fragment/InvoiceItems.fragment.xml": 1765631747767,
  "fragment/InvoiceHeader.fragment.xml": 1765631747767,
  "css/style.css": 1765631747767,
  "index.html": 1765631747767
}